{
  "home": {
    "url": "https://alu-on.co.il/",
    "title": "ALU-ON GROUP — פתרונות חיפוי אדריכליים",
    "h1": "פתרונות מתקדמים למעטפת הבניין",
    "headings": [
      "מגורים",
      "מסחר ומשרדים",
      "מבני ציבור",
      "מבני תעשייה",
      "פתרונות מעטפת מקצה לקצה",
      "הפתרונות שלנו",
      "חיפוי אלומיניום",
      "חיפוי אלוקובונד (ACP)",
      "חיפוי HPL",
      "קירות מסך",
      "דיוק, עמידות, עיצוב.",
      "טכנולוגיית אלומיניום מלא",
      "עמידות לסביבה ימית",
      "יוקרה בת־קיימא",
      "השירותים שלנו",
      "ייבוא חומרים",
      "תכנון והדמיה",
      "ייצור ועיבוד",
      "אביזרים והתקנה",
      "מעוניינים לשמוע עוד?"
    ],
    "paragraphs": [
      "מומחים בתכנון וביצוע חיפויי יוקרה מאלומיניום, קירות מסך, אלוקובונד ו-HPL. אנו מעניקים למבנה שלכם עמידות מקסימלית לצד אסתטיקה אדריכלית פורצת דרך.",
      "אנחנו מתמחים בתכנון, ייצור והתקנה של מעטפות בניין מתקדמות: חיפויי אלומיניום (אלוקובונד), HPL, וקירות מסך. מלווה אתכם מהשלב ההנדסי ועד המסירה, עם דגש על דיוק, עמידה בתקנים, רמת גימור גבוהה וניהול פרויקט מסודר—בפרויקטים בישראל ובאירופה.",
      "מגוון חומרים וטכנולוגיות מתקדמות למעטפת בניין מושלמת.",
      "מתכת קלה לעיבוד, המאפשרת יצירת לוחות ופרופילים במגוון צורות וגימורים מורכבים.",
      "פאנל 'סנדוויץ' המורכב משתי שכבות אלומיניום עם ליבת פוליאתילן, המעניק בידוד, קשיחות ומשקל קל.",
      "לוחות למינציה דחוסים ועמידים במיוחד, הנוצרים משכבות נייר ושרף סינטטי בלחץ וחום גבוה.",
      "מעטפת חיצונית שאינה נושאת עומס, המורכבת ממסגרות אלומיניום וזכוכית או פאנלים אטומים.",
      "ערכי הליבה שלנו נטועים בכל מוצר שאנו יוצרים, ומבטיחים אורך חיים וביצועים ללא פשרות.",
      "פאנלים מאלומיניום מלא לחיפוי חזיתות, עם קשיחות גבוהה, עמידות לאורך זמן וגימור מדויק.",
      "מערכות חיפוי ותתי־קונסטרוקציה שמותאמות לתנאי חוץ ומליחות, להפחתת קורוזיה ושמירה על ביצועים.",
      "פתרונות חזית עם אסתטיקה נקייה ורכיבים ברי־מחזור, בהתאם לסטנדרטים של בנייה מתקדמת.",
      "ממעטפת מלאה של שירותים המבטיחה איכות ודיוק בכל שלב בפרויקט.",
      "אנו מייבאים את חומרי הגלם האיכותיים ביותר, כולל פאנלי HPL וקומפוזיט מהיצרנים המובילים בעולם.",
      "צוות התכנון שלנו מספק שירותי הדמיה ושרטוטים טכניים (Shop Drawings) להמחשת הפתרון המושלם.",
      "במפעל המתקדם שלנו, אנו מעבדים HPL ואלומיניום בטכנולוגיית CNC מדויקת לפי דרישות הפרויקט.",
      "אנו מספקים את כל האביזרים הנלווים ומבצעים התקנה מקצועית העומדת בתקנים המחמירים ביותר.",
      "השאירו פרטים ונחזור אליכם בהקדם עם כל המידע והפתרונות לפרויקט הבא שלכם."
    ],
    "bullets": [],
    "images": [
      "/imported/aluon/photo-1486406146926-c627a92ad1ab",
      "/imported/aluon/p1.png"
    ]
  },
  "about": {
    "url": "https://alu-on.co.il/about",
    "title": "ALU-ON GROUP — פתרונות חיפוי אדריכליים",
    "h1": "אודות",
    "headings": [
      "מוכנים להתחיל פרויקט?"
    ],
    "paragraphs": [
      "אנחנו מתמחים במעטפות בניין מתקדמות — משלב התכנון ההנדסי ועד למסירה בשטח. לאורך הדרך אנחנו משלבים דיוק תעשייתי, חשיבה אדריכלית וניהול פרויקט מסודר, כדי לספק חזית נקייה, ישרה ועמידה לאורך שנים.",
      "הפתרונות שלנו כוללים חיפויי אלומיניום ואלוקובונד (ACP), חיפויי HPL וקירות מסך. כל פרויקט נבנה סביב פרטים מדויקים: חלוקות, קנטים, מפגשים, פתרונות פינות וחיבורים — עם הקפדה על סטנדרט גימור גבוה ובקרת איכות בכל שלב.",
      "אנחנו עובדים לפי תקנים רלוונטיים, עם תהליכי עבודה שקופים, תיאום מול יועצים/קבלנים ותיעוד מסודר — כדי לחסוך טעויות, לקצר לוחות זמנים ולהבטיח תוצאה שמרגישה פרימיום גם מקרוב, לא רק מרחוק.",
      "דיוק. עמידות. עיצוב. מעטפת אחת שמחזיקה שנים.",
      "הצוות שלנו כאן כדי לסייע לכם למצוא את הפתרון המושלם לפרויקט הבא שלכם."
    ],
    "bullets": [],
    "images": [
      "/imported/aluon/b1.png"
    ]
  },
  "projects": {
    "url": "https://alu-on.co.il/projects",
    "title": "ALU-ON GROUP — פתרונות חיפוי אדריכליים",
    "h1": "פרויקטים נבחרים",
    "headings": [
      "חיפוי וילה באלוקובונד שחור ולבן",
      "חיפוי מבנה משרדים בשילוב אלוקובונד HPL",
      "מבנה תעשייה בחיפוי אלקובונד לבן וכחול",
      "קירות מסך בשילוב אלוקובונד שחור",
      "חיפוי HPL",
      "אלומניום 2 מ\"מ בצבע שחור אפור ולבן",
      "אולם ספורט באלקובונד צהוב ואדום",
      "בניין משרדים קירות מסך"
    ],
    "paragraphs": [
      "טעימה מעבודות נבחרות שלנו."
    ],
    "bullets": [],
    "images": [
      "/imported/aluon/d1.png",
      "/imported/aluon/d2.png",
      "/imported/aluon/d3.png",
      "/imported/aluon/d4.png",
      "/imported/aluon/d5.png",
      "/imported/aluon/d6.png",
      "/imported/aluon/d7.png",
      "/imported/aluon/d8.png"
    ]
  },
  "articles": {
    "url": "https://alu-on.co.il/articles",
    "title": "מאמרים ומגזין | ALU-ON GROUP",
    "h1": "מאמרים ומגזין",
    "headings": [
      "חיפוי אלוקובונד (ACP): המדריך המלא למעטפת בניין מודרנית",
      "חיפוי HPL לחוץ: עמידות, עיצוב והתאמה לאקלים הישראלי",
      "קירות מסך (Curtain Wall): המדריך לתכנון חזית זכוכית מודרנית"
    ],
    "paragraphs": [
      "הישארו מעודכנים עם החדשות האחרונות, מגמות וחידושים טכנולוגיים בעולם החיפויים והאדריכלות."
    ],
    "bullets": [],
    "images": [
      "/imported/aluon/s1.png",
      "/imported/aluon/s2.png",
      "/imported/aluon/s3.png"
    ]
  },
  "contact": {
    "url": "https://alu-on.co.il/contact",
    "title": "ALU-ON GROUP — פתרונות חיפוי אדריכליים",
    "h1": "",
    "headings": [
      "מעוניינים לשמוע עוד?"
    ],
    "paragraphs": [
      "השאירו פרטים ונחזור אליכם בהקדם עם כל המידע והפתרונות לפרויקט הבא שלכם."
    ],
    "bullets": [],
    "images": []
  },
  "claddings__aluminum": {
    "url": "https://alu-on.co.il/claddings/aluminum",
    "title": "חיפוי אלומיניום | ALU-ON GROUP",
    "h1": "חיפוי אלומיניום",
    "headings": [
      "מה זה?",
      "יתרונות מרכזיים",
      "מבנה / רכיבים",
      "סטנדרט ביצוע",
      "תכנון והנדסה",
      "דיוק בייצור",
      "התקנה נקייה",
      "בקרת איכות",
      "שאלות נפוצות",
      "אלומיניום “מחליד”?",
      "אפשר ניקוב/דוגמאות?",
      "אפשר ליישר קווים/מישורים גדולים?",
      "התחזוקה מורכבת?",
      "רוצים להתחיל פרויקט?"
    ],
    "paragraphs": [
      "פתרון מתכתי נקי, קל ומדויק המאפשר חופש תכנוני גבוה.",
      "חיפוי אלומיניום הוא מערכת מעטפת המבוססת על פרופילים/פאנלים מאלומיניום (לעיתים פח אלומיניום מעובד), המשמשים כשכבת גמר חיצונית. האלומיניום הוא מתכת קלה ועמידה, הניתנת לעיבוד מדויק (כיפוף, ניקוב, חיתוך) ולהתקנה במערכות מודולריות.",
      "תתי־מערכת נשיאה (קונסטרוקציה) + פרופילים/פאנלים מאלומיניום + מחברים/עוגנים + גמר (צביעה/ציפוי) לפי מפרט הפרויקט.",
      "הצוות שלנו כאן כדי לסייע לכם למצוא את פתרון החיפוי המושלם."
    ],
    "bullets": [
      "משקל נמוך ועמידות גבוהה",
      "דיוק בעיבוד וחופש צורני",
      "עמידות טובה בפני קורוזיה",
      "פתרונות מודולריים להחלפה ותחזוקה",
      "מגוון פרופילים/פאנלים לפי אדריכלות הפרויקט",
      "התאמה למערכות הצללה וניקוב דקורטיבי",
      "מראה טכני-יוקרתי ומודרני"
    ],
    "images": []
  },
  "claddings__alucobond": {
    "url": "https://alu-on.co.il/claddings/alucobond",
    "title": "חיפוי אלוקובונד (ACP) | ALU-ON GROUP",
    "h1": "חיפוי אלוקובונד (ACP)",
    "headings": [
      "מה זה?",
      "יתרונות מרכזיים",
      "מבנה / רכיבים",
      "סטנדרט ביצוע",
      "תכנון והנדסה",
      "דיוק בייצור",
      "התקנה נקייה",
      "בקרת איכות",
      "שאלות נפוצות",
      "האם זה אלומיניום מלא?",
      "האם אפשר לקבל גימור מט/מבריק/דמוי עץ?",
      "האם רואים ברגים מבחוץ?",
      "האם זה מתאים לאקלים חם/לחות?",
      "רוצים להתחיל פרויקט?"
    ],
    "paragraphs": [
      "פתרון חיפוי מרוכב, מדויק ואלגנטי למעטפת בניין מודרנית.",
      "אלוקובונד (ACP) הוא פאנל מרוכב הבנוי משתי שכבות אלומיניום וביניהן ליבה פנימית. השילוב יוצר לוח קל, קשיח ואחיד במיוחד, המאפשר חיפוי נקי בקווים ישרים וגימור יוקרתי. החומר מגיע כיריעות/פאנלים הניתנים לעיבוד, קיפול וחיתוך לצורות מדויקות.",
      "פאנל מרוכב: שכבת אלומיניום חיצונית + ליבה פנימית + שכבת אלומיניום פנימית + ציפוי גמר (לרוב צביעה/ציפוי תעשייתי) להגנה ואחידות.",
      "הצוות שלנו כאן כדי לסייע לכם למצוא את פתרון החיפוי המושלם."
    ],
    "bullets": [
      "מראה חלק ואחיד עם קווי תפר מינימליים",
      "משקל נמוך ביחס לקשיחות",
      "יציבות ממדית ועמידות לאורך זמן",
      "אפשרויות צבע/טקסטורה רחבות וגימור יוקרתי",
      "יכולת כיפוף/קיפול לדיוק אדריכלי",
      "תחזוקה פשוטה וניקוי קל",
      "התאמה גבוהה לפרטי קצה וחיבורים"
    ],
    "images": []
  },
  "claddings__hpl": {
    "url": "https://alu-on.co.il/claddings/hpl",
    "title": "חיפוי HPL | ALU-ON GROUP",
    "h1": "חיפוי HPL",
    "headings": [
      "מה זה?",
      "יתרונות מרכזיים",
      "מבנה / רכיבים",
      "סטנדרט ביצוע",
      "תכנון והנדסה",
      "דיוק בייצור",
      "התקנה נקייה",
      "בקרת איכות",
      "שאלות נפוצות",
      "זה “דמוי עץ”?",
      "זה מתאים לחוץ?",
      "אפשר להחליף לוח נקודתית?",
      "האם הצבע דוהה?",
      "רוצים להתחיל פרויקט?"
    ],
    "paragraphs": [
      "לוחות קומפקטיים רב-שכבתיים בגימור מדויק ועמידות גבוהה.",
      "HPL (High Pressure Laminate) הוא לוח למינציה דחוסה בלחץ גבוה, המורכב משכבות נייר/סיבים הספוגים בשרפים ומודבקים בתהליך דחיסה וחום. התוצאה היא לוח קשיח וצפוף עם שכבת גמר אחידה, המתאים כחיפוי חיצוני במערכות תקניות.",
      "לוח רב־שכבתי דחוס (שכבות סיבים/נייר + שרפים) עם שכבת גמר חיצונית אחידה להגנה ואסתטיקה, מותקן על תתי־מערכת תקנית.",
      "הצוות שלנו כאן כדי לסייע לכם למצוא את פתרון החיפוי המושלם."
    ],
    "bullets": [
      "לוח קשיח וצפוף עם יציבות גבוהה",
      "גימור אחיד ומראה נקי",
      "עמידות טובה בפני תנאי חוץ (בבחירה תקנית)",
      "אפשרויות צבע/טקסטורה רבות",
      "משקל/קשיחות מאוזנים למערכות חיפוי",
      "התאמה לפרטים ישרים ומודולריים",
      "תחזוקה קלה יחסית"
    ],
    "images": []
  },
  "claddings__curtain-walls": {
    "url": "https://alu-on.co.il/claddings/curtain-walls",
    "title": "קירות מסך | ALU-ON GROUP",
    "h1": "קירות מסך",
    "headings": [
      "מה זה?",
      "יתרונות מרכזיים",
      "מבנה / רכיבים",
      "סטנדרט ביצוע",
      "תכנון והנדסה",
      "דיוק בייצור",
      "התקנה נקייה",
      "בקרת איכות",
      "שאלות נפוצות",
      "זה “חלון גדול”?",
      "אפשר לשלב פתחים?",
      "איך מטפלים באיטום?",
      "אפשר זכוכית כהה/מחוסמת/בידודית?",
      "רוצים להתחיל פרויקט?"
    ],
    "paragraphs": [
      "מערכת חזית זכוכית-אלומיניום המייצרת נראות נקייה ואור טבעי מקסימלי.",
      "קיר מסך הוא מערכת חזית חיצונית שאינה נושאת את עומסי המבנה הראשיים, אלא נתלית עליו. לרוב היא מורכבת משלד פרופילי אלומיניום וזיגוג (זכוכית) עם אטמים ומחברים ייעודיים. המערכת מאפשרת חזית שקופה/חצי שקופה, קווים אחידים, ודיוק גבוה בפרטי חיבור ואיטום.",
      "שלד פרופילי אלומיניום + יחידות זכוכית/זיגוג + אטמים + מחברים + פרטי איטום וניקוז + שילוב פתחים לפי תכנון.",
      "הצוות שלנו כאן כדי לסייע לכם למצוא את פתרון החיפוי המושלם."
    ],
    "bullets": [
      "מראה אדריכלי נקי ויוקרתי",
      "מעבר אור טבעי ונראות גבוהה",
      "מערכת מודולרית עם דיוק פרטים",
      "אפשרויות זיגוג וגמר מגוונות",
      "התאמה גבוהה לאיטום ושילוב פתחים",
      "שליטה בפרטים: מסגרות, קווים, עומקים",
      "עמידות לאורך זמן בהתקנה תקנית"
    ],
    "images": []
  },
  "articles__alucobond-facade-cladding-guide": {
    "url": "https://alu-on.co.il/articles/alucobond-facade-cladding-guide",
    "title": "חיפוי אלוקובונד (ACP): המדריך המלא למעטפת בניין מודרנית | ALU-ON GROUP",
    "h1": "חיפוי אלוקובונד (ACP): המדריך המלא למעטפת בניין מודרנית",
    "headings": [
      "מהו חיפוי אלוקובונד (ACP)? הגדרה ומבנה",
      "היתרונות המרכזיים של חיפוי אלוקובונד למעטפת הבניין",
      "תהליך העבודה שלנו בפרויקט חיפוי אלוקובונד",
      "שאלות נפוצות",
      "מה ההבדל בין אלוקובונד לאלומיניום מלא?",
      "האם חיפוי אלוקובונד עמיד באש?",
      "מה אורך החיים של חיפוי אלוקובונד?"
    ],
    "paragraphs": [
      "פורסם בתאריך: 20 מאי 2024",
      "אלוקובונד הוא שם מותג שהפך לשם גנרי עבור פאנל אלומיניום מרוכב. מדובר בלוח \"סנדוויץ'\" רב-שכבתי המורכב משלושה חלקים עיקריים:",
      "המבנה הייחודי הזה מקנה לפאנל תכונות יוצאות דופן: הוא קשיח וישר כמו לוח אלומיניום עבה, אך קל משקל באופן משמעותי.",
      "מוכנים להעניק לבניין שלכם חזית מודרנית ועמידה? צרו איתנו קשר עוד היום לקבלת ייעוץ מקצועי והצעת מחיר מותאמת אישית לפרויקט שלכם."
    ],
    "bullets": [
      "שכבת אלומיניום חיצונית: יריעת אלומיניום דקה (בדרך כלל בעובי של 0.3 עד 0.5 מ\"מ) המצופה בגמר צבע עמיד במיוחד (לרוב PVDF) להגנה מפני תנאי מזג אוויר וקרינת UV.",
      "ליבה פנימית: חומר ליבה הממוקם בין שתי שכבות האלומיניום. הליבה יכולה להיות עשויה מפוליאתילן (PE) או מחומר מינרלי מעכב בעירה (FR - Fire Retardant) לעמידות משופרת באש.",
      "שכבת אלומיניום פנימית: יריעת אלומיניום נוספת, הדומה לשכבה החיצונית, הסוגרת את מבנה הסנדוויץ' ומעניקה לו יציבות וקשיחות.",
      "מראה חלק ואחיד: הלוחות מספקים משטחים גדולים וחלקים עם מישורים ישרים לחלוטין.",
      "מגוון רחב של צבעים וגימורים: ניתן להשיג את הפאנלים במאות גוונים, גימורים מטאליים, דמויי עץ, דמויי אבן ועוד.",
      "חופש צורני: היכולת לעבד את הלוחות לקסטות, זוויות וצורות גיאומטריות מורכבות מאפשרת לממש כמעט כל חזון אדריכלי.",
      "עמידות בתנאי חוץ: ציפוי ה-PVDF האיכותי מגן על החומר מפני דהיית צבע, קרינת שמש, וזיהום אוויר.",
      "יחס חוזק-משקל מעולה: הפאנלים קשיחים מאוד ביחס למשקלם הנמוך, מה שמפחית את העומס על שלד הבניין.",
      "שלב האפיון (ייעוץ ותכנון ראשוני): פגישה להבנת החזון, הדרישות והתקציב.",
      "מדידות מדויקות באתר: שימוש בציוד מתקדם ליצירת מודל תלת-ממדי מדויק.",
      "תכנון הנדסי ו-Shop Drawings: הכנת תוכניות עבודה מפורטות לייצור והתקנה.",
      "ייצור ועיבוד CNC: חיתוך, חריצה וכיפוף של לוחות האלוקובונד במפעל בדיוק מירבי.",
      "התקנה וביצוע בשטח: צוותי התקנה מיומנים מרכיבים את המערכת על פי התוכניות."
    ],
    "images": [
      "/imported/aluon/s1.png"
    ]
  },
  "articles__hpl-exterior-cladding-israel": {
    "url": "https://alu-on.co.il/articles/hpl-exterior-cladding-israel",
    "title": "חיפוי HPL לחוץ: עמידות, עיצוב והתאמה לאקלים הישראלי | ALU-ON GROUP",
    "h1": "חיפוי HPL לחוץ: עמידות, עיצוב והתאמה לאקלים הישראלי",
    "headings": [
      "מהו HPL (High Pressure Laminate)?",
      "מדוע HPL הוא פתרון אידיאלי לחיפוי חוץ בישראל?",
      "דגשים קריטיים להתקנה נכונה של חיפוי HPL",
      "שאלות נפוצות",
      "האם HPL מתאים גם לחיפוי באזורים קרובים לים?",
      "מה ההבדל בין HPL לחיפוי דמוי עץ מחומרים אחרים?",
      "האם חיפוי HPL תורם לבידוד הבניין?"
    ],
    "paragraphs": [
      "פורסם בתאריך: 18 מאי 2024",
      "HPL הוא חומר מרוכב, מהונדס וצפוף במיוחד. הוא מיוצר בתהליך המשלב שכבות רבות של נייר קראפט הספוגות בשרפים פנוליים, הנדחסות תחת לחץ וטמפרטורה גבוהים מאוד. תהליך זה יוצר לוח הומוגני, קשיח, אטום לחלוטין ובעל עמידות יוצאת דופן.",
      "לוחות HPL איכותיים מגיעים עם שכבת הגנה ייעודית החוסמת קרינה אולטרה-סגולה, והגוון המקורי של החזית נשמר יציב וחי לאורך שנים.",
      "לוחות HPL הם חומר אטום שאינו סופג מים, מה שמונע התפתחות של עובש, פטריות או התנפחות של החומר.",
      "העמידות של חיפוי HPL תלויה לא רק באיכות הלוח, אלא במידה רבה גם באיכות ההתקנה. אחד העקרונות החשובים ביותר הוא יצירת \"חזית מאווררת\" - מרווח אוויר בין לוחות ה-HPL לקיר המבודד, המאפשר סירקולציה של אוויר ונידוף לחות.",
      "רוצים חזית עמידה, יפה ונטולת דאגות? אנו מציעים ניסיון רב בתכנון וביצוע פרויקטים בחיפוי HPL. פנו אלינו עוד היום לקבלת ייעוץ."
    ],
    "bullets": [],
    "images": [
      "/imported/aluon/s2.png"
    ]
  },
  "articles__curtain-wall-systems-architectural-guide": {
    "url": "https://alu-on.co.il/articles/curtain-wall-systems-architectural-guide",
    "title": "קירות מסך (Curtain Wall): המדריך לתכנון חזית זכוכית מודרנית | ALU-ON GROUP",
    "h1": "קירות מסך (Curtain Wall): המדריך לתכנון חזית זכוכית מודרנית",
    "headings": [
      "מהו קיר מסך (Curtain Wall)?",
      "היתרונות האדריכליים והפונקציונליים",
      "היבטים קריטיים בתכנון קיר מסך",
      "שאלות נפוצות",
      "האם קיר מסך מתאים גם לבנייני מגורים?",
      "איך מנקים חזית של קיר מסך?",
      "מהו \"שבר תרמי\" (Thermal Break) בפרופילי אלומיניום?"
    ],
    "paragraphs": [
      "פורסם בתאריך: 15 מאי 2024",
      "קיר מסך הוא מעטפת חיצונית שאינה נושאת עומס. בניגוד לקירות בניין מסורתיים, קיר המסך \"נתלה\" על שלד הבניין כמו וילון, והוא נושא את משקלו העצמי בלבד. המערכת מורכבת משלד פרופילי אלומיניום, ולתוכם מוכנסות יחידות זכוכית, פאנלים אטומים או חלונות נפתחים.",
      "לבחירת הזכוכית יש השפעה מכרעת על ביצועי המבנה. יש להתאים את סוג הזיגוג (זכוכית בידודית, Low-E, בקרת שמש) לתנאי האקלים וכיוון החזית. שימוש בפרופילים עם \"שבר תרמי\" חיוני למניעת \"גשרי קור\" ולהפחתת צריכת האנרגיה.",
      "מחפשים ליצור חזית זכוכית מרשימה ובטוחה? פרויקט קיר מסך דורש מומחיות הנדסית ודיוק בביצוע. צרו קשר לקבלת ייעוץ מקיף ולתכנון מעטפת הזכוכית המושלמת עבור הפרויקט שלכם."
    ],
    "bullets": [
      "אסתטיקה ויוקרה: חזיתות זכוכית משדרות מראה קל, אלגנטי וטכנולוגי.",
      "הכנסת אור טבעי: מקסום כמות האור החודר למבנה, התורם לרווחת המשתמשים וחיסכון באנרגיה.",
      "ביצועים ועמידות: המערכות מתוכננות לעמוד בעומסי רוח, לספק בידוד תרמי ואקוסטי מעולה, ולהבטיח אטימות מלאה למים."
    ],
    "images": [
      "/imported/aluon/s3.png"
    ]
  }
}